Name,Email,Phone Number,Address,Date of Birth
Christina Gutierrez,christine55@watson.biz,(766)885-3190x401,"383 Benton Terrace Apt. 933
Lake Patriciastad, LA 72480",1951-03-15
Pamela Johnson,cheyenne16@terry.com,632-012-9313,"75886 Patrick Trail Suite 266
Jamesburgh, MT 99846",1973-03-01
Troy Ramos,jrobinson@bass.com,5824939601,"89083 Calhoun Lane Suite 475
Timothyside, NV 96573",1959-09-15
Laurie Hall,davidriley@hotmail.com,089.064.3859x895,"80074 David Passage Apt. 327
East Gregory, SC 75860",1997-05-19
Javier Rivera,alvin91@gmail.com,301.582.7301x834,"9765 Courtney Crossroad Suite 342
Scottmouth, IN 82079",1940-11-27
Ryan Evans,devinoneill@hotmail.com,001-631-056-6194,"38549 Brian Square
East Robertshire, SC 99245",1972-08-26
Robert Carroll,lynnrachel@ortega.com,+1-949-038-9208x90855,"2201 Sarah Circles
Port Katherine, VT 89108",1986-07-21
Mrs. Karen Mcconnell,nicholasmarsh@hobbs.org,562.921.7721x38872,"61295 Kelly Stravenue
Port Joelton, KS 14383",1968-09-27
Stephen Jackson,morrismichele@gmail.com,354-108-3109,"89717 Emily Overpass Apt. 599
Ronaldfort, FL 95132",1960-07-11
Lisa James,danielmiller@baker-lee.com,455.497.7343x235,"Unit 3956 Box 6747
DPO AP 29465",1936-07-18
Drew Hudson,melissa07@contreras.com,001-580-300-5606x692,"9024 Richard Knoll Suite 235
Christineport, NY 94521",1977-09-02
Leslie Adams,johnrobles@haas-horn.com,001-328-518-4994x96838,"910 Angela Route Apt. 560
Robertton, CT 90303",1938-06-14
Mark Hughes,bowenkari@hotmail.com,934-609-8868x053,"1326 Andrew Field
West Jennifer, SC 76202",1983-10-11
Christopher Chambers,gpotts@richards-howard.com,010-164-2504,"731 Clark Fork
Whiteton, UT 80418",1962-11-01
Cynthia Hines,bryan75@hotmail.com,651.336.2249x556,"1925 Mark Junctions
Cortezburgh, MO 68963",1949-02-14
Regina Harrington,nathan55@gmail.com,(321)367-3639,"841 Amanda Wall Suite 952
Lindaberg, HI 47257",1988-10-21
Benjamin Garcia,ramirezthomas@gmail.com,235-340-2493,"022 Roger Court
Thomasburgh, LA 49989",1944-05-11
William Shepherd,hensleyrobert@morris-goodman.com,(401)246-7645x31570,"890 Zimmerman Well Apt. 513
Stevenmouth, OH 31136",1946-10-22
Emma Grant,max16@gross-wagner.net,696-676-6380x337,"9271 Alexandra Lock Suite 131
Smithmouth, CA 62386",1969-02-04
Craig Cain,rogersanthony@gmail.com,(065)396-1479,"8566 Christopher Common Apt. 597
Port Jamesberg, OH 61028",1945-10-29
Kenneth Stein,mariagraves@harris-gill.com,229-444-7203x633,"1697 John Drive Apt. 949
West Kylechester, DC 06619",1995-10-30
Nathan Terry,alicia76@greene-braun.org,(101)094-7567,"5412 Khan Ridges Suite 286
New Edwin, WV 05680",1951-10-23
William Moore,ovasquez@george.org,680.625.7037x2053,"20980 Bowman Loaf Apt. 511
Garciaville, IN 03774",1988-05-08
Heather Curry,schultzlisa@moody.com,(863)382-4140,"PSC 5404, Box 0746
APO AE 30438",1998-11-05
Ashley Gibbs,sandragregory@kelly.com,711-210-7773,"054 Arthur Wells
Pamelastad, IN 98600",1968-05-29
Eugene Cole,xfigueroa@smith.net,604.741.8680,"502 Barr Dam Apt. 516
New Kimberly, NY 63384",1995-06-17
James Torres,joseph08@gmail.com,(817)037-3044,"6650 Campbell Islands Suite 733
East Sharon, MD 50856",1967-08-30
Kevin Cooper,nicole17@dennis.com,826.044.3764x08790,"20808 Nathan Isle
East Justin, MI 78071",1997-02-13
Luke Williams DDS,shafferjennifer@stephens.com,5732996891,"481 Ochoa View
North Colin, OR 29218",1959-11-08
Holly Allen,dmckinney@thomas.com,785-525-6841,"8712 Price Overpass Suite 003
Port Matthewtown, OR 94164",1954-07-09
Judith Mendoza,taylorpatrick@yahoo.com,(262)841-7898x04949,"162 Mckinney Square Apt. 934
New Lauraberg, MO 60312",2006-07-13
Wendy Davila,margaret93@yahoo.com,+1-602-392-3931x24880,"556 Johns Burgs
Kristabury, IL 25562",1954-05-19
Geoffrey Walker,kbaker@williams.com,904.594.6660,"5001 Angela Walk
Dominicchester, CA 86639",1996-05-15
Heather Barrett,mark62@gmail.com,810-061-2197,"064 Hamilton Haven Apt. 053
Port Thomas, AR 82223",1944-03-12
Erika Blackwell,davidjames@yahoo.com,001-852-071-3494x42770,"7214 Stephen Crest
South Bryanshire, OH 19184",1941-07-08
Sarah Harris,ramireztimothy@hotmail.com,001-606-062-0265x111,"376 Alan Spring Suite 673
North Meganchester, MN 70472",1989-03-04
Christina Wood,jennifer43@jacobs.biz,436.252.1955x784,"USCGC Morgan
FPO AP 71235",1948-04-22
Heidi Jefferson,ofitzpatrick@johnson.info,+1-345-669-5074x380,"39887 Reed Pines Apt. 267
Lake Cassandrahaven, NE 73736",1992-10-06
Cody Davies,xchang@beck-burns.com,+1-981-334-2954x43249,"27462 Marie Way Suite 671
Paulborough, MS 68299",1950-07-16
Michael Freeman,thomasalicia@kennedy-brooks.com,449-416-0156x8153,"54000 Stanley Springs Apt. 713
West Alexville, DE 12170",1993-10-21
Todd Myers,michaelann@hotmail.com,580-019-1817,"43342 Michael Turnpike
Adamsmouth, KY 32340",1945-08-29
Cody Hernandez,dunnbarry@hotmail.com,(817)633-3615,"Unit 3198 Box 8634
DPO AA 23887",1998-03-09
William Miles,sarahandersen@hotmail.com,504-794-9247x58585,"38043 Anthony Highway
Port Jonathanbury, FL 26182",1987-04-28
Carly Anderson,eric28@carter.com,666.894.9837,"78667 Elliott Lakes Suite 403
Bennettstad, WI 76197",1963-10-21
Mrs. Andrea Gregory,stouthaley@hotmail.com,103.280.8989x881,"52926 James Corners
Landryburgh, KS 81704",2001-08-20
Cassie Ewing,alison43@yahoo.com,001-008-443-7211x448,"6798 Anthony Vista
New Gregory, NC 17735",1958-02-25
Erica Valdez,christine12@yahoo.com,001-359-096-0394x34366,"76472 Keith Flats Apt. 855
Spencerstad, LA 25480",1991-05-12
Ms. Heather Hanna,mmiller@gmail.com,001-878-582-6911x54097,"47492 Jessica Squares
Adamchester, UT 34744",1948-02-07
Nathaniel Robles,morganromero@ryan.com,+1-137-089-6245x4411,"99163 Kenneth Locks Suite 273
Crawfordport, CO 74005",1996-11-26
Katherine Phillips,laurawalters@gmail.com,278.977.8257,"853 Smith Roads
Thompsonton, FL 33504",1941-03-15
Andre Ryan,cadkins@lyons-james.com,5391713960,"4653 Whitney Manors Apt. 351
Jasonton, AL 32072",1950-10-14
Jessica Murphy,reidjames@bridges-davidson.com,9953121491,"9288 Thomas Ferry Apt. 949
Benjaminton, PA 52279",1957-01-25
Stephanie Cox,stephenjackson@yahoo.com,110.783.7316,"5186 Sandra Land
North Dillon, VA 81470",1996-08-31
Rachel Pace,dennisrios@yahoo.com,916-624-8503x516,"6610 Dana Trail Suite 223
East Judytown, GA 28397",1951-09-23
Dean Cline,gallowaychristopher@phillips-king.info,346.118.6176x559,"45232 Carrie Ridges
Coleland, OR 47966",1990-11-04
Robert Paul,angelicafox@gmail.com,(188)413-1559x115,"4473 Michelle Meadows
West Herbertland, DE 07819",1965-10-07
Timothy Ruiz,patrickgomez@gmail.com,900-975-4710x78056,"79067 Jennifer Knolls
Hebertland, ME 95871",1954-04-26
Kevin Manning,robertsonmichael@yahoo.com,760.646.1741x2457,"2335 Stevens Run
Wrighthaven, MD 18253",1983-04-04
Alexandra Harris,davisjames@hotmail.com,8039339519,"590 Berry Path Suite 622
Kingshire, DC 65349",1967-03-05
Valerie Wise,samuel08@yahoo.com,963.776.8146x98729,"7109 Meghan Branch Apt. 600
East Michaelside, ND 47902",1953-07-26
Steven Lang,lisa33@brandt-olson.com,(546)941-5671,"6536 Camacho Wall
Michaelhaven, IA 68940",2005-01-28
Michael Parks,olivia30@gmail.com,(205)906-0795x388,"28465 Maldonado Ridge
Sheilaville, NH 96873",1980-11-23
Lisa Gonzalez,kempcolton@smith-alexander.net,+1-916-393-5609,"86008 Martin Avenue
Paulland, IN 70858",1962-10-07
Cody Martinez,lori33@gmail.com,0266794544,"9813 Hopkins Run Apt. 860
East Johnberg, RI 18718",1988-12-16
Adam Boyd,bmcdonald@bowers-walker.biz,282-389-8711x355,"147 Powers Hill Suite 976
West Matthew, PA 14452",1980-02-16
Monica Donovan,robertjones@perez-wilson.com,001-301-611-2292x206,"23137 Brian Knoll Apt. 154
South Joshuatown, OK 20082",1981-09-18
Joshua Medina MD,santoscharles@oliver-thomas.com,4125870603,"7993 Rodriguez Fields
South Susan, KY 33780",1952-07-22
John Diaz,michael94@gmail.com,035-163-9018x58016,"46255 Robinson Falls Apt. 269
East Jessica, TX 92300",1953-11-19
Jeremy Anderson,hamptonaimee@schaefer.info,685.173.0323,"2183 Hayes Hollow Apt. 527
West Nicole, DE 96928",1941-05-23
Carlos Santana,schultznathan@hotmail.com,+1-036-820-2360x3913,"PSC 0452, Box 4612
APO AA 37828",1950-01-10
Christopher Brown,coxdavid@gmail.com,+1-242-589-7123x99987,"23506 Zoe Route Suite 559
Castillomouth, NV 37461",1985-04-29
Patricia Johnson,ross40@yahoo.com,(722)232-1710x89898,"Unit 9978 Box 9848
DPO AA 03407",1941-04-22
Maria Martin,janejohnson@gmail.com,+1-685-395-0403x865,"537 Holder Greens
North Adammouth, AL 42003",1947-10-13
Tony Fletcher,qdixon@hotmail.com,+1-579-563-7359x73857,"5038 Edward Spur Apt. 737
New Joshua, KS 36167",1986-08-17
Christopher Haas,danielcisneros@hardin-lee.net,001-014-876-5505x3385,"032 Contreras Mews
Samuelbury, AK 26003",1990-01-16
Laura Mccormick,susan45@yahoo.com,614-225-0753,"581 Christina Land Apt. 142
East Richardmouth, AZ 91468",1954-12-09
Meghan Hicks,nguyenchristopher@friedman-lara.info,+1-322-928-7829,"278 King Village Suite 236
Williamsshire, MI 07596",1998-06-09
Mark Beltran,velasquezconnor@gmail.com,001-687-097-9082x43472,"399 Jay Skyway
East William, SD 64657",1954-12-20
Katherine Bruce,jgarcia@garcia.com,682.861.6941x104,"84563 Desiree Causeway
Thomasfurt, KS 58809",1951-11-09
Mary Carlson,whiteveronica@miles.com,+1-501-060-1716x311,"24366 Bowman Crescent
Williamston, SC 53886",1945-11-27
Timothy Pratt,jennifer11@barnes-durham.net,001-695-302-0697x2566,"47335 David Mountain
Port Samuelburgh, IL 88014",1976-03-16
Brian Castillo,jamesellis@yahoo.com,385.680.1946x614,"85452 Sosa Loaf Apt. 195
North Kimville, MN 67801",1978-01-20
Michael Shelton,wangwhitney@gilbert-king.com,+1-012-280-2899x1521,"090 Green Coves
Leechester, IL 18810",1952-09-04
Valerie Smith,mariahernandez@diaz.com,396-412-1109,"30911 Campbell Station Suite 092
Port Andrew, MI 89119",2002-12-24
Elizabeth Hooper,brandoncoleman@burch.com,(092)920-6337x67026,"96266 Maynard Islands
Lake Olivia, MI 07845",2002-09-16
Ashley Chambers,jonathanbranch@jones.org,001-096-146-8034,"2990 Rachel Lakes
South Kimberly, CO 32837",2006-08-29
Stephen Daniels,arthur29@yahoo.com,(328)094-7839x1672,"919 Rebecca Wells Suite 486
Caldwellhaven, OK 24866",1961-10-30
Lori Barber,blackdiana@hotmail.com,(249)447-3624x271,"53078 Matthew Square Apt. 698
Victoriaport, MS 68446",1945-09-14
Catherine Jones,burtonjeremy@gmail.com,(221)846-5292x1771,"39082 Cynthia Avenue
Reginaldport, SD 01781",1972-07-29
Dr. Lisa Hebert,william64@bryant.com,+1-020-592-1120x10646,"USCGC Conway
FPO AP 98865",1979-04-15
Kevin Clark,deannaromero@hotmail.com,(716)617-2366x3979,"54892 Taylor Grove
Isabellafurt, AZ 02920",1996-11-18
Beverly Johnson,harmondonald@yahoo.com,001-923-745-2293,"3757 Alexander Knolls Suite 282
South Christopher, MA 44812",1996-12-19
David Jones,schapman@yahoo.com,001.228.7208,"611 Ian Oval
Williamside, SC 32519",1961-06-20
Donald Guzman,drodriguez@gmail.com,579.689.7390x942,"27763 Torres Islands
South Brent, ME 52109",1936-08-30
Christian Rice,scottmiller@bates.com,668-866-7561,"87197 Cook Junctions Apt. 721
Sabrinahaven, MT 09963",2005-08-20
Kyle Henson,madisonfrost@hotmail.com,001-432-709-2469x14945,"09558 Mccarty Via
Port Carlshire, DE 40055",1947-02-27
Steven Mitchell,hannahcastro@palmer.com,+1-787-948-6717x4266,"PSC 6613, Box 9796
APO AP 87026",1956-04-18
Tyler Brown,reginawhite@yahoo.com,+1-211-497-0316x8896,"PSC 0612, Box 2722
APO AE 95849",1937-07-02
Timothy Rodriguez,galvandanielle@hernandez.com,+1-069-396-6696,"9116 Jared Dam
Jenniferport, TN 90318",1976-11-21
Amy Norton,travis97@smith.com,245.230.1444x87648,"391 Gordon Inlet Apt. 220
Yvetteton, IA 96067",1972-01-23
